Insert into IVAN_SANTIAGO.TRACELINK (UUID_TRACELINK,TRACELINK,CREATEDON,TYPE,FROMFILENAME,TL_COMMENT,CREATEDBY,TL_MODE,TECHNICALBINDING,RULENAME,LINKTYPE,ITRACEMODEL) values ('TL1','TL1','-','-','-','-','-','-','-','-','M2MLink','-');
Insert into IVAN_SANTIAGO.TRACELINK (UUID_TRACELINK,TRACELINK,CREATEDON,TYPE,FROMFILENAME,TL_COMMENT,CREATEDBY,TL_MODE,TECHNICALBINDING,RULENAME,LINKTYPE,ITRACEMODEL) values ('TL2','TL2','-','-','-','-','-','-','-','-','M2MLink','-');
Insert into IVAN_SANTIAGO.TRACELINK (UUID_TRACELINK,TRACELINK,CREATEDON,TYPE,FROMFILENAME,TL_COMMENT,CREATEDBY,TL_MODE,TECHNICALBINDING,RULENAME,LINKTYPE,ITRACEMODEL) values ('TL3','TL3','-','-','-','-','-','-','-','-','M2MLink','-');
Insert into IVAN_SANTIAGO.TRACELINK (UUID_TRACELINK,TRACELINK,CREATEDON,TYPE,FROMFILENAME,TL_COMMENT,CREATEDBY,TL_MODE,TECHNICALBINDING,RULENAME,LINKTYPE,ITRACEMODEL) values ('TL4','TL4','-','-','-','-','-','-','-','-','M2MLink','-');
Insert into IVAN_SANTIAGO.TRACELINK (UUID_TRACELINK,TRACELINK,CREATEDON,TYPE,FROMFILENAME,TL_COMMENT,CREATEDBY,TL_MODE,TECHNICALBINDING,RULENAME,LINKTYPE,ITRACEMODEL) values ('TL5','TL5','-','-','-','-','-','-','-','-','M2TLink','-');
Insert into IVAN_SANTIAGO.TRACELINK (UUID_TRACELINK,TRACELINK,CREATEDON,TYPE,FROMFILENAME,TL_COMMENT,CREATEDBY,TL_MODE,TECHNICALBINDING,RULENAME,LINKTYPE,ITRACEMODEL) values ('TL6','TL6','-','-','-','-','-','-','-','-','M2TLink','-');



Insert into IVAN_SANTIAGO.TRACELINKELEMENT (UUID_TRACELINKELEMENT,TRACELINKELEMENT,REF,OBJECTTYPE,RELATIONTYPE,ARTEFACT,TRACELINK,ID) values ('1','1','1','-','Source','-','TL1','1');
Insert into IVAN_SANTIAGO.TRACELINKELEMENT (UUID_TRACELINKELEMENT,TRACELINKELEMENT,REF,OBJECTTYPE,RELATIONTYPE,ARTEFACT,TRACELINK,ID) values ('1','1','1','-','Source','-','TL2','1');
Insert into IVAN_SANTIAGO.TRACELINKELEMENT (UUID_TRACELINKELEMENT,TRACELINKELEMENT,REF,OBJECTTYPE,RELATIONTYPE,ARTEFACT,TRACELINK,ID) values ('2A','2A','2A','-','Target','-','TL1','2A');
Insert into IVAN_SANTIAGO.TRACELINKELEMENT (UUID_TRACELINKELEMENT,TRACELINKELEMENT,REF,OBJECTTYPE,RELATIONTYPE,ARTEFACT,TRACELINK,ID) values ('2A','2A','2A','-','Source','-','TL3','2A');
Insert into IVAN_SANTIAGO.TRACELINKELEMENT (UUID_TRACELINKELEMENT,TRACELINKELEMENT,REF,OBJECTTYPE,RELATIONTYPE,ARTEFACT,TRACELINK,ID) values ('2b','2b','2b','-','Target','-','TL2','2b');
Insert into IVAN_SANTIAGO.TRACELINKELEMENT (UUID_TRACELINKELEMENT,TRACELINKELEMENT,REF,OBJECTTYPE,RELATIONTYPE,ARTEFACT,TRACELINK,ID) values ('2b','2b','2b','-','Source','-','TL4','2b');
Insert into IVAN_SANTIAGO.TRACELINKELEMENT (UUID_TRACELINKELEMENT,TRACELINKELEMENT,REF,OBJECTTYPE,RELATIONTYPE,ARTEFACT,TRACELINK,ID) values ('3a','3a','3a','-','Target','-','TL3','3a');
Insert into IVAN_SANTIAGO.TRACELINKELEMENT (UUID_TRACELINKELEMENT,TRACELINKELEMENT,REF,OBJECTTYPE,RELATIONTYPE,ARTEFACT,TRACELINK,ID) values ('3a','3a','3a','-','Source','-','TL5','3a');
Insert into IVAN_SANTIAGO.TRACELINKELEMENT (UUID_TRACELINKELEMENT,TRACELINKELEMENT,REF,OBJECTTYPE,RELATIONTYPE,ARTEFACT,TRACELINK,ID) values ('3b','3b','3b','-','Target','-','TL4','3b');
Insert into IVAN_SANTIAGO.TRACELINKELEMENT (UUID_TRACELINKELEMENT,TRACELINKELEMENT,REF,OBJECTTYPE,RELATIONTYPE,ARTEFACT,TRACELINK,ID) values ('3b','3b','3b','-','Source','-','TL6','3b');

INSERT INTO "IVAN_SANTIAGO"."BLOCK" (UUID_BLOCK, BLOCK, BLOCKNUMBER, STARTLINE, ENDLINE, STARTCOLUMN, ENDCOLUMN, ARTEFACT, TRACELINK, ID) VALUES ('4A', '4A', '0', '0', '0', '0', '0', '-', 'TL5', '4A')
INSERT INTO "IVAN_SANTIAGO"."BLOCK" (UUID_BLOCK, BLOCK, BLOCKNUMBER, STARTLINE, ENDLINE, STARTCOLUMN, ENDCOLUMN, ARTEFACT, TRACELINK, ID) VALUES ('4B', '4B', '0', '0', '0', '0', '0', '-', 'TL6', '4B')

COMMIT;